Name,Modified,Modified By,Item Type,Path,Full Link
"Academic Appointment, Reappointment and Annual Performance Evaluation Procedures",3/20/2024 13:52,Zeina Katergi,Folder,sites/fas/deansoffice/Administration/Policies -PDF/Faculty Affairs/Global engagement  Secondment For Faculty member,https://mailaub.sharepoint.com/sites/fas/deansoffice/Administration/Forms/AllItems.aspx?RootFolder=/sites%2Ffas%2Fdeansoffice%2FAdministration%2FPolicies%20%2DPDF%2FFaculty%20Affairs%2FGlobal%20engagement%20%20Secondment%20For%20Faculty%20member%2FAcademic%20Appointment%2C%20Reappointment%20and%20Annual%20Performance%20Evaluation%20Procedures&View=%7B43853063%2D95C7%2D484A%2DA5C0%2D4DD419238C9E%7D
"Academic Appointment, Reappointment, Tenure and Promotion Policy",3/20/2024 13:52,Zeina Katergi,Folder,,https://aub.policytech.eu/dotNet/documents/?docid=1528&public=true
Academic Assistants,3/20/2024 13:52,Zeina Katergi,Folder,sites/fas/deansoffice/Administration/Policies -PDF/Faculty Affairs/Global engagement  Secondment For Faculty member,https://mailaub.sharepoint.com/sites/fas/deansoffice/Administration/Forms/AllItems.aspx?RootFolder=/sites%2Ffas%2Fdeansoffice%2FAdministration%2FPolicies%20%2DPDF%2FFaculty%20Affairs%2FGlobal%20engagement%20%20Secondment%20For%20Faculty%20member%2FAcademic%20Assistants&View=%7B43853063%2D95C7%2D484A%2DA5C0%2D4DD419238C9E%7D
Academic Calender,3/20/2024 15:55,Zeina Katergi,Folder,sites/fas/deansoffice/Administration/Policies -PDF/General,https://mailaub.sharepoint.com/sites/fas/deansoffice/Administration/Forms/AllItems.aspx?RootFolder=/sites%2Ffas%2Fdeansoffice%2FAdministration%2FPolicies%20%2DPDF%2FGeneral%2FAcademic%20Calender&View=%7B43853063%2D95C7%2D484A%2DA5C0%2D4DD419238C9E%7D
Academic Titles,3/20/2024 13:52,Zeina Katergi,Folder,sites/fas/deansoffice/Administration/Policies -PDF/Faculty Affairs,https://mailaub.sharepoint.com/sites/fas/deansoffice/Administration/Forms/AllItems.aspx?RootFolder=/sites%2Ffas%2Fdeansoffice%2FAdministration%2FPolicies%20%2DPDF%2FFaculty%20Affairs%2FAcademic%20Titles&View=%7B43853063%2D95C7%2D484A%2DA5C0%2D4DD419238C9E%7D
Admissions Office -Graduate Studies,3/22/2024 9:47,Zeina Katergi,Folder,sites/fas/deansoffice/Administration/Policies -PDF/Student Services link,https://mailaub.sharepoint.com/sites/fas/deansoffice/Administration/Forms/AllItems.aspx?RootFolder=/sites%2Ffas%2Fdeansoffice%2FAdministration%2FPolicies%20%2DPDF%2FStudent%20Services%20link%2FAdmissions%20Office%20%2DGraduate%20Studies&View=%7B43853063%2D95C7%2D484A%2DA5C0%2D4DD419238C9E%7D
Admissions Office-Undergraduate Studies,3/22/2024 9:47,Zeina Katergi,Folder,sites/fas/deansoffice/Administration/Policies -PDF/Student Services link,https://mailaub.sharepoint.com/sites/fas/deansoffice/Administration/Forms/AllItems.aspx?RootFolder=/sites%2Ffas%2Fdeansoffice%2FAdministration%2FPolicies%20%2DPDF%2FStudent%20Services%20link%2FAdmissions%20Office%2DUndergraduate%20Studies&View=%7B43853063%2D95C7%2D484A%2DA5C0%2D4DD419238C9E%7D
Allowance for Academic Personnel,3/20/2024 13:52,Zeina Katergi,Folder,sites/fas/deansoffice/Administration/Policies -PDF/Faculty Affairs,https://mailaub.sharepoint.com/sites/fas/deansoffice/Administration/Forms/AllItems.aspx?RootFolder=/sites%2Ffas%2Fdeansoffice%2FAdministration%2FPolicies%20%2DPDF%2FFaculty%20Affairs%2FAllowance%20for%20Academic%20Personnel&View=%7B43853063%2D95C7%2D484A%2DA5C0%2D4DD419238C9E%7D
,,,,,
Certificate and Class Chart-Undergraduate Studies,3/22/2024 9:47,Zeina Katergi,Folder,sites/fas/deansoffice/Administration/Policies -PDF/Student Services link,https://mailaub.sharepoint.com/sites/fas/deansoffice/Administration/Forms/AllItems.aspx?RootFolder=/sites%2Ffas%2Fdeansoffice%2FAdministration%2FPolicies%20%2DPDF%2FStudent%20Services%20link%2FCertificate%20and%20Class%20Chart%2DUndergraduate%20Studies&View=%7B43853063%2D95C7%2D484A%2DA5C0%2D4DD419238C9E%7D
Conflict of Commitment   and outside Activities of Faculty Members,3/20/2024 13:52,Zeina Katergi,Folder,sites/fas/deansoffice/Administration/Policies -PDF/Faculty Affairs,https://mailaub.sharepoint.com/sites/fas/deansoffice/Administration/Forms/AllItems.aspx?RootFolder=/sites%2Ffas%2Fdeansoffice%2FAdministration%2FPolicies%20%2DPDF%2FFaculty%20Affairs%2FConflict%20of%20Commitment%20%20%20and%20outside%20Activities%20of%20Faculty%20Members&View=%7B43853063%2D95C7%2D484A%2DA5C0%2D4DD419238C9E%7D
Conflict of Interest and Disclosure Policy for AUB Employees,3/20/2024 15:55,Zeina Katergi,Folder,sites/fas/deansoffice/Administration/Policies -PDF/General,https://mailaub.sharepoint.com/sites/fas/deansoffice/Administration/Forms/AllItems.aspx?RootFolder=/sites%2Ffas%2Fdeansoffice%2FAdministration%2FPolicies%20%2DPDF%2FGeneral%2FConflict%20of%20Interest%20and%20Disclosure%20Policy%20for%20AUB%20Employees&View=%7B43853063%2D95C7%2D484A%2DA5C0%2D4DD419238C9E%7D
Course Buyout Guidelines,3/20/2024 13:52,Zeina Katergi,Folder,sites/fas/deansoffice/Administration/Policies -PDF/Faculty Affairs/Global engagement  Secondment For Faculty member,https://mailaub.sharepoint.com/sites/fas/deansoffice/Administration/Forms/AllItems.aspx?RootFolder=/sites%2Ffas%2Fdeansoffice%2FAdministration%2FPolicies%20%2DPDF%2FFaculty%20Affairs%2FGlobal%20engagement%20%20Secondment%20For%20Faculty%20member%2FCourse%20Buyout%20Guidelines&View=%7B43853063%2D95C7%2D484A%2DA5C0%2D4DD419238C9E%7D
Department Chairs Recruitment Compensation and Evaluation,3/20/2024 13:52,Zeina Katergi,Folder,sites/fas/deansoffice/Administration/Policies -PDF/Faculty Affairs,https://mailaub.sharepoint.com/sites/fas/deansoffice/Administration/Forms/AllItems.aspx?RootFolder=/sites%2Ffas%2Fdeansoffice%2FAdministration%2FPolicies%20%2DPDF%2FFaculty%20Affairs%2FDepartment%20Chairs%20Recruitment%20Compensation%20and%20Evaluation&View=%7B43853063%2D95C7%2D484A%2DA5C0%2D4DD419238C9E%7D
Employee Loan Policy,3/22/2024 9:32,Zeina Katergi,Folder,sites/fas/deansoffice/Administration/Policies -PDF/General,https://mailaub.sharepoint.com/sites/fas/deansoffice/Administration/Forms/AllItems.aspx?RootFolder=/sites%2Ffas%2Fdeansoffice%2FAdministration%2FPolicies%20%2DPDF%2FGeneral%2FEmployee%20Loan%20Policy&View=%7B43853063%2D95C7%2D484A%2DA5C0%2D4DD419238C9E%7D
Expectations and Guidelines for Faculty Conduct,3/20/2024 13:52,Zeina Katergi,Folder,sites/fas/deansoffice/Administration/Policies -PDF/Faculty Affairs,https://mailaub.sharepoint.com/sites/fas/deansoffice/Administration/Forms/AllItems.aspx?RootFolder=/sites%2Ffas%2Fdeansoffice%2FAdministration%2FPolicies%20%2DPDF%2FFaculty%20Affairs%2FExpectations%20and%20Guidelines%20for%20Faculty%20Conduct&View=%7B43853063%2D95C7%2D484A%2DA5C0%2D4DD419238C9E%7D
Faculty Affairs,3/20/2024 13:44,Zeina Katergi,Folder,sites/fas/deansoffice/Administration/Policies -PDF/Faculty Affairs/Allowance for Academic Personnel,https://mailaub.sharepoint.com/sites/fas/deansoffice/Administration/Forms/AllItems.aspx?RootFolder=/sites%2Ffas%2Fdeansoffice%2FAdministration%2FPolicies%20%2DPDF%2FFaculty%20Affairs%2FAllowance%20for%20Academic%20Personnel%2FFaculty%20Affairs&View=%7B43853063%2D95C7%2D484A%2DA5C0%2D4DD419238C9E%7D
Faculty Affairs,3/20/2024 13:52,Zeina Katergi,Folder,sites/fas/deansoffice/Administration/Policies -PDF,https://mailaub.sharepoint.com/sites/fas/deansoffice/Administration/Forms/AllItems.aspx?RootFolder=/sites%2Ffas%2Fdeansoffice%2FAdministration%2FPolicies%20%2DPDF%2FFaculty%20Affairs&View=%7B43853063%2D95C7%2D484A%2DA5C0%2D4DD419238C9E%7D
Faculty of Arts and Sciences-Graduate Studies,3/22/2024 9:47,Zeina Katergi,Folder,sites/fas/deansoffice/Administration/Policies -PDF/Student Services link,https://mailaub.sharepoint.com/sites/fas/deansoffice/Administration/Forms/AllItems.aspx?RootFolder=/sites%2Ffas%2Fdeansoffice%2FAdministration%2FPolicies%20%2DPDF%2FStudent%20Services%20link%2FFaculty%20of%20Arts%20and%20Sciences%2DGraduate%20Studies&View=%7B43853063%2D95C7%2D484A%2DA5C0%2D4DD419238C9E%7D
Faculty of Arts and Sciences-Undergraduate Studies,3/22/2024 9:47,Zeina Katergi,Folder,sites/fas/deansoffice/Administration/Policies -PDF/Student Services link,https://mailaub.sharepoint.com/sites/fas/deansoffice/Administration/Forms/AllItems.aspx?RootFolder=/sites%2Ffas%2Fdeansoffice%2FAdministration%2FPolicies%20%2DPDF%2FStudent%20Services%20link%2FFaculty%20of%20Arts%20and%20Sciences%2DUndergraduate%20Studies&View=%7B43853063%2D95C7%2D484A%2DA5C0%2D4DD419238C9E%7D
Faculty Research Incentive Plan (FRIP),3/22/2024 9:47,Zeina Katergi,Folder,sites/fas/deansoffice/Administration/Policies -PDF/Research,https://mailaub.sharepoint.com/sites/fas/deansoffice/Administration/Forms/AllItems.aspx?RootFolder=/sites%2Ffas%2Fdeansoffice%2FAdministration%2FPolicies%20%2DPDF%2FResearch%2FFaculty%20Research%20Incentive%20Plan%20%28FRIP%29&View=%7B43853063%2D95C7%2D484A%2DA5C0%2D4DD419238C9E%7D
Faculty Workload Policy,3/20/2024 13:53,Zeina Katergi,Folder,sites/fas/deansoffice/Administration/Policies -PDF/Faculty Affairs,https://mailaub.sharepoint.com/sites/fas/deansoffice/Administration/Forms/AllItems.aspx?RootFolder=/sites%2Ffas%2Fdeansoffice%2FAdministration%2FPolicies%20%2DPDF%2FFaculty%20Affairs%2FFaculty%20Workload%20Policy&View=%7B43853063%2D95C7%2D484A%2DA5C0%2D4DD419238C9E%7D
FAS Teaching Load and Course Release Policies,3/22/2024 9:47,Zeina Katergi,Folder,sites/fas/deansoffice/Administration/Policies -PDF/Student Services link,https://mailaub.sharepoint.com/sites/fas/deansoffice/Administration/Forms/AllItems.aspx?RootFolder=/sites%2Ffas%2Fdeansoffice%2FAdministration%2FPolicies%20%2DPDF%2FStudent%20Services%20link%2FFAS%20Teaching%20Load%20and%20Course%20Release%20Policies&View=%7B43853063%2D95C7%2D484A%2DA5C0%2D4DD419238C9E%7D
Fees and Expenses and Withdrawal Information-Graduate Studies,3/22/2024 9:47,Zeina Katergi,Folder,sites/fas/deansoffice/Administration/Policies -PDF/Student Services link,https://mailaub.sharepoint.com/sites/fas/deansoffice/Administration/Forms/AllItems.aspx?RootFolder=/sites%2Ffas%2Fdeansoffice%2FAdministration%2FPolicies%20%2DPDF%2FStudent%20Services%20link%2FFees%20and%20Expenses%20and%20Withdrawal%20Information%2DGraduate%20Studies&View=%7B43853063%2D95C7%2D484A%2DA5C0%2D4DD419238C9E%7D
Fees and Expenses and Withdrawal Information-Undergraduate Studies,3/22/2024 9:47,Zeina Katergi,Folder,sites/fas/deansoffice/Administration/Policies -PDF/Student Services link,https://mailaub.sharepoint.com/sites/fas/deansoffice/Administration/Forms/AllItems.aspx?RootFolder=/sites%2Ffas%2Fdeansoffice%2FAdministration%2FPolicies%20%2DPDF%2FStudent%20Services%20link%2FFees%20and%20Expenses%20and%20Withdrawal%20Information%2DUndergraduate%20Studies&View=%7B43853063%2D95C7%2D484A%2DA5C0%2D4DD419238C9E%7D
Financial AID-Graduate Studies,3/22/2024 9:47,Zeina Katergi,Folder,sites/fas/deansoffice/Administration/Policies -PDF/Student Services link,https://mailaub.sharepoint.com/sites/fas/deansoffice/Administration/Forms/AllItems.aspx?RootFolder=/sites%2Ffas%2Fdeansoffice%2FAdministration%2FPolicies%20%2DPDF%2FStudent%20Services%20link%2FFinancial%20AID%2DGraduate%20Studies&View=%7B43853063%2D95C7%2D484A%2DA5C0%2D4DD419238C9E%7D
Financial Aid-Undergraduate Studies,3/22/2024 9:47,Zeina Katergi,Folder,sites/fas/deansoffice/Administration/Policies -PDF/Student Services link,https://mailaub.sharepoint.com/sites/fas/deansoffice/Administration/Forms/AllItems.aspx?RootFolder=/sites%2Ffas%2Fdeansoffice%2FAdministration%2FPolicies%20%2DPDF%2FStudent%20Services%20link%2FFinancial%20Aid%2DUndergraduate%20Studies&View=%7B43853063%2D95C7%2D484A%2DA5C0%2D4DD419238C9E%7D
General,3/20/2024 15:55,Zeina Katergi,Folder,sites/fas/deansoffice/Administration/Policies -PDF,https://mailaub.sharepoint.com/sites/fas/deansoffice/Administration/Forms/AllItems.aspx?RootFolder=/sites%2Ffas%2Fdeansoffice%2FAdministration%2FPolicies%20%2DPDF%2FGeneral&View=%7B43853063%2D95C7%2D484A%2DA5C0%2D4DD419238C9E%7D
General University Academic Information-Graduate Studies,3/22/2024 9:47,Zeina Katergi,Folder,sites/fas/deansoffice/Administration/Policies -PDF/Student Services link,https://mailaub.sharepoint.com/sites/fas/deansoffice/Administration/Forms/AllItems.aspx?RootFolder=/sites%2Ffas%2Fdeansoffice%2FAdministration%2FPolicies%20%2DPDF%2FStudent%20Services%20link%2FGeneral%20University%20Academic%20Information%2DGraduate%20Studies&View=%7B43853063%2D95C7%2D484A%2DA5C0%2D4DD419238C9E%7D
General University Academic Information-Undergraduate Studies,3/22/2024 9:47,Zeina Katergi,Folder,sites/fas/deansoffice/Administration/Policies -PDF/Student Services link,https://mailaub.sharepoint.com/sites/fas/deansoffice/Administration/Forms/AllItems.aspx?RootFolder=/sites%2Ffas%2Fdeansoffice%2FAdministration%2FPolicies%20%2DPDF%2FStudent%20Services%20link%2FGeneral%20University%20Academic%20Information%2DUndergraduate%20Studies&View=%7B43853063%2D95C7%2D484A%2DA5C0%2D4DD419238C9E%7D
Global engagement  Secondment For Faculty member,3/20/2024 13:53,Zeina Katergi,Folder,sites/fas/deansoffice/Administration/Policies -PDF/Faculty Affairs,https://mailaub.sharepoint.com/sites/fas/deansoffice/Administration/Forms/AllItems.aspx?RootFolder=/sites%2Ffas%2Fdeansoffice%2FAdministration%2FPolicies%20%2DPDF%2FFaculty%20Affairs%2FGlobal%20engagement%20%20Secondment%20For%20Faculty%20member&View=%7B43853063%2D95C7%2D484A%2DA5C0%2D4DD419238C9E%7D
Grants and Contracts Policy,3/22/2024 9:47,Zeina Katergi,Folder,sites/fas/deansoffice/Administration/Policies -PDF/Research,https://mailaub.sharepoint.com/sites/fas/deansoffice/Administration/Forms/AllItems.aspx?RootFolder=/sites%2Ffas%2Fdeansoffice%2FAdministration%2FPolicies%20%2DPDF%2FResearch%2FGrants%20and%20Contracts%20Policy&View=%7B43853063%2D95C7%2D484A%2DA5C0%2D4DD419238C9E%7D
Grievance Policy and Procedures,3/20/2024 15:55,Zeina Katergi,Folder,sites/fas/deansoffice/Administration/Policies -PDF/General,https://mailaub.sharepoint.com/sites/fas/deansoffice/Administration/Forms/AllItems.aspx?RootFolder=/sites%2Ffas%2Fdeansoffice%2FAdministration%2FPolicies%20%2DPDF%2FGeneral%2FGrievance%20Policy%20and%20Procedures&View=%7B43853063%2D95C7%2D484A%2DA5C0%2D4DD419238C9E%7D
Guidelines for Searches and New Appointments,3/20/2024 13:53,Zeina Katergi,Folder,,https://aub.policytech.eu/dotNet/documents/?docid=162&public=true
Guidelines Preparing Proposals for New Graduate Program,3/22/2024 9:47,Zeina Katergi,Folder,sites/fas/deansoffice/Administration/Policies -PDF/Student Services link,https://mailaub.sharepoint.com/sites/fas/deansoffice/Administration/Forms/AllItems.aspx?RootFolder=/sites%2Ffas%2Fdeansoffice%2FAdministration%2FPolicies%20%2DPDF%2FStudent%20Services%20link%2FGuidelines%20Preparing%20Proposals%20for%20New%20Graduate%20Program&View=%7B43853063%2D95C7%2D484A%2DA5C0%2D4DD419238C9E%7D
Health Insurance Plan (HIP) -Academic,3/20/2024 15:55,Zeina Katergi,Folder,sites/fas/deansoffice/Administration/Policies -PDF/General,https://mailaub.sharepoint.com/sites/fas/deansoffice/Administration/Forms/AllItems.aspx?RootFolder=/sites%2Ffas%2Fdeansoffice%2FAdministration%2FPolicies%20%2DPDF%2FGeneral%2FHealth%20Insurance%20Plan%20%28HIP%29%20%2DAcademic&View=%7B43853063%2D95C7%2D484A%2DA5C0%2D4DD419238C9E%7D
Housing Policy,3/20/2024 15:55,Zeina Katergi,Folder,sites/fas/deansoffice/Administration/Policies -PDF/General,https://mailaub.sharepoint.com/sites/fas/deansoffice/Administration/Forms/AllItems.aspx?RootFolder=/sites%2Ffas%2Fdeansoffice%2FAdministration%2FPolicies%20%2DPDF%2FGeneral%2FHousing%20Policy&View=%7B43853063%2D95C7%2D484A%2DA5C0%2D4DD419238C9E%7D
Leaves for Academic Personnel,3/20/2024 13:53,Zeina Katergi,Folder,sites/fas/deansoffice/Administration/Policies -PDF/Faculty Affairs,https://mailaub.sharepoint.com/sites/fas/deansoffice/Administration/Forms/AllItems.aspx?RootFolder=/sites%2Ffas%2Fdeansoffice%2FAdministration%2FPolicies%20%2DPDF%2FFaculty%20Affairs%2FLeaves%20for%20Academic%20Personnel&View=%7B43853063%2D95C7%2D484A%2DA5C0%2D4DD419238C9E%7D
Maximum Allowed Compensation for Overload Teaching and Funded Projects,3/20/2024 13:53,Zeina Katergi,Folder,sites/fas/deansoffice/Administration/Policies -PDF/Faculty Affairs,https://mailaub.sharepoint.com/sites/fas/deansoffice/Administration/Forms/AllItems.aspx?RootFolder=/sites%2Ffas%2Fdeansoffice%2FAdministration%2FPolicies%20%2DPDF%2FFaculty%20Affairs%2FMaximum%20Allowed%20Compensation%20for%20Overload%20Teaching%20and%20Funded%20Projects&View=%7B43853063%2D95C7%2D484A%2DA5C0%2D4DD419238C9E%7D
New Academic Program or Substantive Change to Existing Program,3/22/2024 9:47,Zeina Katergi,Folder,sites/fas/deansoffice/Administration/Policies -PDF/Student Services link,https://mailaub.sharepoint.com/sites/fas/deansoffice/Administration/Forms/AllItems.aspx?RootFolder=/sites%2Ffas%2Fdeansoffice%2FAdministration%2FPolicies%20%2DPDF%2FStudent%20Services%20link%2FNew%20Academic%20Program%20or%20Substantive%20Change%20to%20Existing%20Program&View=%7B43853063%2D95C7%2D484A%2DA5C0%2D4DD419238C9E%7D
New or Replacement  of Faculty recruitment  plan,3/20/2024 13:53,Zeina Katergi,Folder,sites/fas/deansoffice/Administration/Policies -PDF/Faculty Affairs,https://mailaub.sharepoint.com/sites/fas/deansoffice/Administration/Forms/AllItems.aspx?RootFolder=/sites%2Ffas%2Fdeansoffice%2FAdministration%2FPolicies%20%2DPDF%2FFaculty%20Affairs%2FNew%20or%20Replacement%20%20of%20Faculty%20recruitment%20%20plan&View=%7B43853063%2D95C7%2D484A%2DA5C0%2D4DD419238C9E%7D
Non-Academic Staff Manual,3/20/2024 15:55,Zeina Katergi,Folder,sites/fas/deansoffice/Administration/Policies -PDF/General,https://mailaub.sharepoint.com/sites/fas/deansoffice/Administration/Forms/AllItems.aspx?RootFolder=/sites%2Ffas%2Fdeansoffice%2FAdministration%2FPolicies%20%2DPDF%2FGeneral%2FNon%2DAcademic%20Staff%20Manual&View=%7B43853063%2D95C7%2D484A%2DA5C0%2D4DD419238C9E%7D
Non-Discrimination and AntiDiscriminatory Harassment Policy,3/20/2024 15:56,Zeina Katergi,Folder,sites/fas/deansoffice/Administration/Policies -PDF/General,https://mailaub.sharepoint.com/sites/fas/deansoffice/Administration/Forms/AllItems.aspx?RootFolder=/sites%2Ffas%2Fdeansoffice%2FAdministration%2FPolicies%20%2DPDF%2FGeneral%2FNon%2DDiscrimination%20and%20AntiDiscriminatory%20Harassment%20Policy&View=%7B43853063%2D95C7%2D484A%2DA5C0%2D4DD419238C9E%7D
Office of Grants and Contracts Manual,3/22/2024 9:47,Zeina Katergi,Folder,sites/fas/deansoffice/Administration/Policies -PDF/Research,https://mailaub.sharepoint.com/sites/fas/deansoffice/Administration/Forms/AllItems.aspx?RootFolder=/sites%2Ffas%2Fdeansoffice%2FAdministration%2FPolicies%20%2DPDF%2FResearch%2FOffice%20of%20Grants%20and%20Contracts%20Manual&View=%7B43853063%2D95C7%2D484A%2DA5C0%2D4DD419238C9E%7D
Office of International Programs (OIP)-Graduate Studies,3/22/2024 9:47,Zeina Katergi,Folder,sites/fas/deansoffice/Administration/Policies -PDF/Student Services link,https://mailaub.sharepoint.com/sites/fas/deansoffice/Administration/Forms/AllItems.aspx?RootFolder=/sites%2Ffas%2Fdeansoffice%2FAdministration%2FPolicies%20%2DPDF%2FStudent%20Services%20link%2FOffice%20of%20International%20Programs%20%28OIP%29%2DGraduate%20Studies&View=%7B43853063%2D95C7%2D484A%2DA5C0%2D4DD419238C9E%7D
Office of International Programs (OIP)-Undergraduate Studies,3/22/2024 9:47,Zeina Katergi,Folder,sites/fas/deansoffice/Administration/Policies -PDF/Student Services link,https://mailaub.sharepoint.com/sites/fas/deansoffice/Administration/Forms/AllItems.aspx?RootFolder=/sites%2Ffas%2Fdeansoffice%2FAdministration%2FPolicies%20%2DPDF%2FStudent%20Services%20link%2FOffice%20of%20International%20Programs%20%28OIP%29%2DUndergraduate%20Studies&View=%7B43853063%2D95C7%2D484A%2DA5C0%2D4DD419238C9E%7D
Office of Student Affairs-Graduate Studies,3/22/2024 9:47,Zeina Katergi,Folder,sites/fas/deansoffice/Administration/Policies -PDF/Student Services link,https://mailaub.sharepoint.com/sites/fas/deansoffice/Administration/Forms/AllItems.aspx?RootFolder=/sites%2Ffas%2Fdeansoffice%2FAdministration%2FPolicies%20%2DPDF%2FStudent%20Services%20link%2FOffice%20of%20Student%20Affairs%2DGraduate%20Studies&View=%7B43853063%2D95C7%2D484A%2DA5C0%2D4DD419238C9E%7D
Office of Student Affairs-Undergraduate Studies,3/22/2024 9:47,Zeina Katergi,Folder,sites/fas/deansoffice/Administration/Policies -PDF/Student Services link,https://mailaub.sharepoint.com/sites/fas/deansoffice/Administration/Forms/AllItems.aspx?RootFolder=/sites%2Ffas%2Fdeansoffice%2FAdministration%2FPolicies%20%2DPDF%2FStudent%20Services%20link%2FOffice%20of%20Student%20Affairs%2DUndergraduate%20Studies&View=%7B43853063%2D95C7%2D484A%2DA5C0%2D4DD419238C9E%7D
Policies on Benefits and Allowances for Academic Personnel,3/20/2024 13:53,Zeina Katergi,Folder,sites/fas/deansoffice/Administration/Policies -PDF/Faculty Affairs,https://mailaub.sharepoint.com/sites/fas/deansoffice/Administration/Forms/AllItems.aspx?RootFolder=/sites%2Ffas%2Fdeansoffice%2FAdministration%2FPolicies%20%2DPDF%2FFaculty%20Affairs%2FPolicies%20on%20Benefits%20and%20Allowances%20for%20Academic%20Personnel&View=%7B43853063%2D95C7%2D484A%2DA5C0%2D4DD419238C9E%7D
Policy and Procedure for Tenure and Promotion Evaluation of Non- Tenure -Eligible Faculty members,3/20/2024 13:53,Zeina Katergi,Folder,sites/fas/deansoffice/Administration/Policies -PDF/Faculty Affairs,https://mailaub.sharepoint.com/sites/fas/deansoffice/Administration/Forms/AllItems.aspx?RootFolder=/sites%2Ffas%2Fdeansoffice%2FAdministration%2FPolicies%20%2DPDF%2FFaculty%20Affairs%2FPolicy%20and%20Procedure%20for%20Tenure%20and%20Promotion%20Evaluation%20of%20Non%2D%20Tenure%20%2DEligible%20Faculty%20members&View=%7B43853063%2D95C7%2D484A%2DA5C0%2D4DD419238C9E%7D
Policy and Procedure for Tenure and Promotion Evaluation of Tenure -Eligible Faculty members 0,3/20/2024 13:53,Zeina Katergi,Folder,sites/fas/deansoffice/Administration/Policies -PDF/Faculty Affairs,https://mailaub.sharepoint.com/sites/fas/deansoffice/Administration/Forms/AllItems.aspx?RootFolder=/sites%2Ffas%2Fdeansoffice%2FAdministration%2FPolicies%20%2DPDF%2FFaculty%20Affairs%2FPolicy%20and%20Procedure%20for%20Tenure%20and%20Promotion%20Evaluation%20of%20Tenure%20%2DEligible%20Faculty%20members%200&View=%7B43853063%2D95C7%2D484A%2DA5C0%2D4DD419238C9E%7D
Policy and Procedures for Post Tenure Reviews,3/20/2024 13:53,Zeina Katergi,Folder,sites/fas/deansoffice/Administration/Policies -PDF/Faculty Affairs,https://mailaub.sharepoint.com/sites/fas/deansoffice/Administration/Forms/AllItems.aspx?RootFolder=/sites%2Ffas%2Fdeansoffice%2FAdministration%2FPolicies%20%2DPDF%2FFaculty%20Affairs%2FPolicy%20and%20Procedures%20for%20Post%20Tenure%20Reviews&View=%7B43853063%2D95C7%2D484A%2DA5C0%2D4DD419238C9E%7D
Policy and Procedures for Promotion Evaluation of Clinical Psychology Track Eligible,3/20/2024 13:53,Zeina Katergi,Folder,sites/fas/deansoffice/Administration/Policies -PDF/Faculty Affairs,https://mailaub.sharepoint.com/sites/fas/deansoffice/Administration/Forms/AllItems.aspx?RootFolder=/sites%2Ffas%2Fdeansoffice%2FAdministration%2FPolicies%20%2DPDF%2FFaculty%20Affairs%2FPolicy%20and%20Procedures%20for%20Promotion%20Evaluation%20of%20Clinical%20Psychology%20Track%20Eligible&View=%7B43853063%2D95C7%2D484A%2DA5C0%2D4DD419238C9E%7D
Policy and Procedures for Promotion Evaluation of Non-Tenure-Eligible Faculty Members,3/20/2024 13:53,Zeina Katergi,Folder,sites/fas/deansoffice/Administration/Policies -PDF/Faculty Affairs,https://mailaub.sharepoint.com/sites/fas/deansoffice/Administration/Forms/AllItems.aspx?RootFolder=/sites%2Ffas%2Fdeansoffice%2FAdministration%2FPolicies%20%2DPDF%2FFaculty%20Affairs%2FPolicy%20and%20Procedures%20for%20Promotion%20Evaluation%20of%20Non%2DTenure%2DEligible%20Faculty%20Members&View=%7B43853063%2D95C7%2D484A%2DA5C0%2D4DD419238C9E%7D
Policy and Procedures for Tenure and Promotion Appeals,3/20/2024 13:53,Zeina Katergi,Folder,,https://aub.policytech.eu/dotNet/documents/?docid=1614&public=true
Policy and Procedures for the Award of Emeritus Status,3/20/2024 13:53,Zeina Katergi,Folder,sites/fas/deansoffice/Administration/Policies -PDF/Faculty Affairs,https://mailaub.sharepoint.com/sites/fas/deansoffice/Administration/Forms/AllItems.aspx?RootFolder=/sites%2Ffas%2Fdeansoffice%2FAdministration%2FPolicies%20%2DPDF%2FFaculty%20Affairs%2FPolicy%20and%20Procedures%20for%20the%20Award%20of%20Emeritus%20Status&View=%7B43853063%2D95C7%2D484A%2DA5C0%2D4DD419238C9E%7D
Policy and Procedures for the Promotion of Lecturers to Senior Lecturers,3/20/2024 13:53,Zeina Katergi,Folder,sites/fas/deansoffice/Administration/Policies -PDF/Faculty Affairs,https://mailaub.sharepoint.com/sites/fas/deansoffice/Administration/Forms/AllItems.aspx?RootFolder=/sites%2Ffas%2Fdeansoffice%2FAdministration%2FPolicies%20%2DPDF%2FFaculty%20Affairs%2FPolicy%20and%20Procedures%20for%20the%20Promotion%20of%20Lecturers%20to%20Senior%20Lecturers&View=%7B43853063%2D95C7%2D484A%2DA5C0%2D4DD419238C9E%7D
Policy and Procedures for the Termination of a Tenure Appointment,3/20/2024 13:53,Zeina Katergi,Folder,,https://aub.policytech.eu/dotNet/documents/?docid=1553&public=true
Policy on Graduate Diploma Programs,3/22/2024 9:47,Zeina Katergi,Folder,sites/fas/deansoffice/Administration/Policies -PDF/Student Services link,https://mailaub.sharepoint.com/sites/fas/deansoffice/Administration/Forms/AllItems.aspx?RootFolder=/sites%2Ffas%2Fdeansoffice%2FAdministration%2FPolicies%20%2DPDF%2FStudent%20Services%20link%2FPolicy%20on%20Graduate%20Diploma%20Programs&View=%7B43853063%2D95C7%2D484A%2DA5C0%2D4DD419238C9E%7D
Policy on Graduate Fellowship and Assistantship Program (GFAP),3/20/2024 15:56,Zeina Katergi,Folder,sites/fas/deansoffice/Administration/Policies -PDF/General,https://mailaub.sharepoint.com/sites/fas/deansoffice/Administration/Forms/AllItems.aspx?RootFolder=/sites%2Ffas%2Fdeansoffice%2FAdministration%2FPolicies%20%2DPDF%2FGeneral%2FPolicy%20on%20Graduate%20Fellowship%20and%20Assistantship%20Program%20%28GFAP%29&View=%7B43853063%2D95C7%2D484A%2DA5C0%2D4DD419238C9E%7D
Process of Evaluating Teaching Portfolios Center for Teaching and Learning,3/22/2024 9:47,Zeina Katergi,Folder,sites/fas/deansoffice/Administration/Policies -PDF/Student Services link,https://mailaub.sharepoint.com/sites/fas/deansoffice/Administration/Forms/AllItems.aspx?RootFolder=/sites%2Ffas%2Fdeansoffice%2FAdministration%2FPolicies%20%2DPDF%2FStudent%20Services%20link%2FProcess%20of%20Evaluating%20Teaching%20Portfolios%20Center%20for%20Teaching%20and%20Learning&View=%7B43853063%2D95C7%2D484A%2DA5C0%2D4DD419238C9E%7D
Promotion Procedures and Guidelines,3/20/2024 13:53,Zeina Katergi,Folder,sites/fas/deansoffice/Administration/Policies -PDF/Faculty Affairs,https://mailaub.sharepoint.com/sites/fas/deansoffice/Administration/Forms/AllItems.aspx?RootFolder=/sites%2Ffas%2Fdeansoffice%2FAdministration%2FPolicies%20%2DPDF%2FFaculty%20Affairs%2FPromotion%20Procedures%20and%20Guidelines&View=%7B43853063%2D95C7%2D484A%2DA5C0%2D4DD419238C9E%7D
"Protection of Beneficiaries of United Nations Projects from Sexual Harassment, Sexual Exploitation, and Sexual Abuse",3/20/2024 15:56,Zeina Katergi,Folder,sites/fas/deansoffice/Administration/Policies -PDF/General,https://mailaub.sharepoint.com/sites/fas/deansoffice/Administration/Forms/AllItems.aspx?RootFolder=/sites%2Ffas%2Fdeansoffice%2FAdministration%2FPolicies%20%2DPDF%2FGeneral%2FProtection%20of%20Beneficiaries%20of%20United%20Nations%20Projects%20from%20Sexual%20Harassment%2C%20Sexual%20Exploitation%2C%20and%20Sexual%20Abuse&View=%7B43853063%2D95C7%2D484A%2DA5C0%2D4DD419238C9E%7D
Research,3/22/2024 9:47,Zeina Katergi,Folder,sites/fas/deansoffice/Administration/Policies -PDF,https://mailaub.sharepoint.com/sites/fas/deansoffice/Administration/Forms/AllItems.aspx?RootFolder=/sites%2Ffas%2Fdeansoffice%2FAdministration%2FPolicies%20%2DPDF%2FResearch&View=%7B43853063%2D95C7%2D484A%2DA5C0%2D4DD419238C9E%7D
Research Assisstants,3/20/2024 15:56,Zeina Katergi,Folder,sites/fas/deansoffice/Administration/Policies -PDF/General,https://mailaub.sharepoint.com/sites/fas/deansoffice/Administration/Forms/AllItems.aspx?RootFolder=/sites%2Ffas%2Fdeansoffice%2FAdministration%2FPolicies%20%2DPDF%2FGeneral%2FResearch%20Assisstants&View=%7B43853063%2D95C7%2D484A%2DA5C0%2D4DD419238C9E%7D
Responsibilities of Students and Faculty Members in Relation to Academic Integrity,3/20/2024 15:56,Zeina Katergi,Folder,sites/fas/deansoffice/Administration/Policies -PDF/General,https://mailaub.sharepoint.com/sites/fas/deansoffice/Administration/Forms/AllItems.aspx?RootFolder=/sites%2Ffas%2Fdeansoffice%2FAdministration%2FPolicies%20%2DPDF%2FGeneral%2FResponsibilities%20of%20Students%20and%20Faculty%20Members%20in%20Relation%20to%20Academic%20Integrity&View=%7B43853063%2D95C7%2D484A%2DA5C0%2D4DD419238C9E%7D
Schedule for  Promotion with Tenure Applications Ð AY 2022-23,3/20/2024 13:53,Zeina Katergi,Folder,sites/fas/deansoffice/Administration/Policies -PDF/Faculty Affairs,https://mailaub.sharepoint.com/sites/fas/deansoffice/Administration/Forms/AllItems.aspx?RootFolder=/sites%2Ffas%2Fdeansoffice%2FAdministration%2FPolicies%20%2DPDF%2FFaculty%20Affairs%2FSchedule%20for%20%20Promotion%20with%20Tenure%20Applications%20%E2%80%93%20AY%202022%2D23&View=%7B43853063%2D95C7%2D484A%2DA5C0%2D4DD419238C9E%7D
Schedule for Post Tenure Review applications,3/20/2024 13:54,Zeina Katergi,Folder,sites/fas/deansoffice/Administration/Policies -PDF/Faculty Affairs,https://mailaub.sharepoint.com/sites/fas/deansoffice/Administration/Forms/AllItems.aspx?RootFolder=/sites%2Ffas%2Fdeansoffice%2FAdministration%2FPolicies%20%2DPDF%2FFaculty%20Affairs%2FSchedule%20for%20Post%20Tenure%20Review%20applications&View=%7B43853063%2D95C7%2D484A%2DA5C0%2D4DD419238C9E%7D
"Schedule for Promotion Applications of Non-Tenure-Eligible Faculty Members in the Clinical, Research and Practice Tracks Ð AY 2022-23",3/20/2024 13:54,Zeina Katergi,Folder,sites/fas/deansoffice/Administration/Policies -PDF/Faculty Affairs,https://mailaub.sharepoint.com/sites/fas/deansoffice/Administration/Forms/AllItems.aspx?RootFolder=/sites%2Ffas%2Fdeansoffice%2FAdministration%2FPolicies%20%2DPDF%2FFaculty%20Affairs%2FSchedule%20for%20Promotion%20Applications%20of%20Non%2DTenure%2DEligible%20Faculty%20Members%20in%20the%20Clinical%2C%20Research%20and%20Practice%20Tracks%20%E2%80%93%20AY%202022%2D23&View=%7B43853063%2D95C7%2D484A%2DA5C0%2D4DD419238C9E%7D
Schedule for Reappointment Applications -AY 2023-2024,3/20/2024 13:54,Zeina Katergi,Folder,sites/fas/deansoffice/Administration/Policies -PDF/Faculty Affairs,https://mailaub.sharepoint.com/sites/fas/deansoffice/Administration/Forms/AllItems.aspx?RootFolder=/sites%2Ffas%2Fdeansoffice%2FAdministration%2FPolicies%20%2DPDF%2FFaculty%20Affairs%2FSchedule%20for%20Reappointment%20Applications%20%2DAY%202023%2D2024&View=%7B43853063%2D95C7%2D484A%2DA5C0%2D4DD419238C9E%7D
Schedule for Tenure-Only  Applications Ð AY 2022-23,3/20/2024 13:54,Zeina Katergi,Folder,sites/fas/deansoffice/Administration/Policies -PDF/Faculty Affairs,https://mailaub.sharepoint.com/sites/fas/deansoffice/Administration/Forms/AllItems.aspx?RootFolder=/sites%2Ffas%2Fdeansoffice%2FAdministration%2FPolicies%20%2DPDF%2FFaculty%20Affairs%2FSchedule%20for%20Tenure%2DOnly%20%20Applications%20%E2%80%93%20AY%202022%2D23&View=%7B43853063%2D95C7%2D484A%2DA5C0%2D4DD419238C9E%7D
Senate Bylaws,3/20/2024 15:56,Zeina Katergi,Folder,sites/fas/deansoffice/Administration/Policies -PDF/General,https://mailaub.sharepoint.com/sites/fas/deansoffice/Administration/Forms/AllItems.aspx?RootFolder=/sites%2Ffas%2Fdeansoffice%2FAdministration%2FPolicies%20%2DPDF%2FGeneral%2FSenate%20Bylaws&View=%7B43853063%2D95C7%2D484A%2DA5C0%2D4DD419238C9E%7D
Short Term and Long Term Faculty Development Grants Policy,3/20/2024 15:56,Zeina Katergi,Folder,sites/fas/deansoffice/Administration/Policies -PDF/General,https://mailaub.sharepoint.com/sites/fas/deansoffice/Administration/Forms/AllItems.aspx?RootFolder=/sites%2Ffas%2Fdeansoffice%2FAdministration%2FPolicies%20%2DPDF%2FGeneral%2FShort%20Term%20and%20Long%20Term%20Faculty%20Development%20Grants%20Policy&View=%7B43853063%2D95C7%2D484A%2DA5C0%2D4DD419238C9E%7D
Standard CV template for Tenure and or Promotion applications,3/20/2024 13:54,Zeina Katergi,Folder,sites/fas/deansoffice/Administration/Policies -PDF/Faculty Affairs,https://mailaub.sharepoint.com/sites/fas/deansoffice/Administration/Forms/AllItems.aspx?RootFolder=/sites%2Ffas%2Fdeansoffice%2FAdministration%2FPolicies%20%2DPDF%2FFaculty%20Affairs%2FStandard%20CV%20template%20for%20Tenure%20and%20or%20Promotion%20applications&View=%7B43853063%2D95C7%2D484A%2DA5C0%2D4DD419238C9E%7D
Standing Committee of the Faculty,3/20/2024 13:54,Zeina Katergi,Folder,sites/fas/deansoffice/Administration/Policies -PDF/Faculty Affairs,https://mailaub.sharepoint.com/sites/fas/deansoffice/Administration/Forms/AllItems.aspx?RootFolder=/sites%2Ffas%2Fdeansoffice%2FAdministration%2FPolicies%20%2DPDF%2FFaculty%20Affairs%2FStanding%20Committee%20of%20the%20Faculty&View=%7B43853063%2D95C7%2D484A%2DA5C0%2D4DD419238C9E%7D
Student Services link,3/22/2024 9:47,Zeina Katergi,Folder,sites/fas/deansoffice/Administration/Policies -PDF,https://mailaub.sharepoint.com/sites/fas/deansoffice/Administration/Forms/AllItems.aspx?RootFolder=/sites%2Ffas%2Fdeansoffice%2FAdministration%2FPolicies%20%2DPDF%2FStudent%20Services%20link&View=%7B43853063%2D95C7%2D484A%2DA5C0%2D4DD419238C9E%7D
Travel,3/20/2024 15:56,Zeina Katergi,Folder,sites/fas/deansoffice/Administration/Policies -PDF/General,https://mailaub.sharepoint.com/sites/fas/deansoffice/Administration/Forms/AllItems.aspx?RootFolder=/sites%2Ffas%2Fdeansoffice%2FAdministration%2FPolicies%20%2DPDF%2FGeneral%2FTravel&View=%7B43853063%2D95C7%2D484A%2DA5C0%2D4DD419238C9E%7D
Tuition Fees -Graduate studies,3/22/2024 9:47,Zeina Katergi,Folder,sites/fas/deansoffice/Administration/Policies -PDF/Student Services link,https://mailaub.sharepoint.com/sites/fas/deansoffice/Administration/Forms/AllItems.aspx?RootFolder=/sites%2Ffas%2Fdeansoffice%2FAdministration%2FPolicies%20%2DPDF%2FStudent%20Services%20link%2FTuition%20Fees%20%2DGraduate%20studies&View=%7B43853063%2D95C7%2D484A%2DA5C0%2D4DD419238C9E%7D
Tuition Fees-Undergraduate Studies,3/22/2024 9:47,Zeina Katergi,Folder,sites/fas/deansoffice/Administration/Policies -PDF/Student Services link,https://mailaub.sharepoint.com/sites/fas/deansoffice/Administration/Forms/AllItems.aspx?RootFolder=/sites%2Ffas%2Fdeansoffice%2FAdministration%2FPolicies%20%2DPDF%2FStudent%20Services%20link%2FTuition%20Fees%2DUndergraduate%20Studies&View=%7B43853063%2D95C7%2D484A%2DA5C0%2D4DD419238C9E%7D
University Policies and Procedures Concerning Research Misconduct,3/22/2024 9:47,Zeina Katergi,Folder,sites/fas/deansoffice/Administration/Policies -PDF/Research,https://mailaub.sharepoint.com/sites/fas/deansoffice/Administration/Forms/AllItems.aspx?RootFolder=/sites%2Ffas%2Fdeansoffice%2FAdministration%2FPolicies%20%2DPDF%2FResearch%2FUniversity%20Policies%20and%20Procedures%20Concerning%20Research%20Misconduct&View=%7B43853063%2D95C7%2D484A%2DA5C0%2D4DD419238C9E%7D
,,,,,
2023-24 Fall FAS Standing Committees.pdf,3/20/2024 13:40,Zeina Katergi,Item,sites/fas/deansoffice/Administration/Policies -PDF/Faculty Affairs/Standing Committee of the Faculty,https://mailaub.sharepoint.com/sites/fas/deansoffice/Administration/Policies -PDF/Faculty Affairs/Standing Committee of the Faculty/2023-24 Fall FAS Standing Committees.pdf
"Academic Appointment, Reappointment and Annual Performance Evaluation Procedures .pdf",3/20/2024 12:18,Zeina Katergi,Item,sites/fas/deansoffice/Administration/Policies -PDF/Faculty Affairs/Allowance for Academic Personnel/Faculty Affairs,"https://mailaub.sharepoint.com/sites/fas/deansoffice/Administration/Policies -PDF/Faculty Affairs/Allowance for Academic Personnel/Faculty Affairs/Academic Appointment, Reappointment and Annual Performance Evaluation Procedures .pdf"
"Academic Appointment, Reappointment and Annual Performance Evaluation Procedures.pdf",3/20/2024 13:40,Zeina Katergi,Item,"sites/fas/deansoffice/Administration/Policies -PDF/Faculty Affairs/Global engagement  Secondment For Faculty member/Academic Appointment, Reappointment and Annual Performance Evaluation Procedures","https://mailaub.sharepoint.com/sites/fas/deansoffice/Administration/Policies -PDF/Faculty Affairs/Global engagement  Secondment For Faculty member/Academic Appointment, Reappointment and Annual Performance Evaluation Procedures/Academic Appointment, Reappointment and Annual Performance Evaluation Procedures.pdf"
"Academic Appointment, Reappointment, Promotion, and Tenure Policy.pdf",3/20/2024 13:40,Zeina Katergi,Item,"sites/fas/deansoffice/Administration/Policies -PDF/Faculty Affairs/Global engagement  Secondment For Faculty member/Academic Appointment, Reappointment, Tenure and Promotion Policy","https://mailaub.sharepoint.com/sites/fas/deansoffice/Administration/Policies -PDF/Faculty Affairs/Global engagement  Secondment For Faculty member/Academic Appointment, Reappointment, Tenure and Promotion Policy/Academic Appointment, Reappointment, Promotion, and Tenure Policy.pdf"
Academic assisstants.pdf,3/20/2024 13:40,Zeina Katergi,Item,sites/fas/deansoffice/Administration/Policies -PDF/Faculty Affairs/Global engagement  Secondment For Faculty member/Academic Assistants,https://mailaub.sharepoint.com/sites/fas/deansoffice/Administration/Policies -PDF/Faculty Affairs/Global engagement  Secondment For Faculty member/Academic Assistants/Academic assisstants.pdf
Academic Titles.pdf,3/20/2024 13:40,Zeina Katergi,Item,sites/fas/deansoffice/Administration/Policies -PDF/Faculty Affairs/Academic Titles,https://mailaub.sharepoint.com/sites/fas/deansoffice/Administration/Policies -PDF/Faculty Affairs/Academic Titles/Academic Titles.pdf
AllItems.aspx.url,3/20/2024 13:40,Zeina Katergi,Item,sites/fas/deansoffice/Administration/Policies -PDF/Faculty Affairs/New or Replacement  of Faculty recruitment  plan,https://mailaub.sharepoint.com/sites/fas/deansoffice/Administration/Policies -PDF/Faculty Affairs/New or Replacement  of Faculty recruitment  plan/AllItems.aspx.url
AllItems.aspx.url,3/22/2024 9:47,Zeina Katergi,Item,sites/fas/deansoffice/Administration/Policies -PDF/Student Services link/Guidelines Preparing Proposals for New Graduate Program,https://mailaub.sharepoint.com/sites/fas/deansoffice/Administration/Policies -PDF/Student Services link/Guidelines Preparing Proposals for New Graduate Program/AllItems.aspx.url
AllItems.aspx.url,3/22/2024 9:47,Zeina Katergi,Item,sites/fas/deansoffice/Administration/Policies -PDF/Student Services link/New Academic Program or Substantive Change to Existing Program,https://mailaub.sharepoint.com/sites/fas/deansoffice/Administration/Policies -PDF/Student Services link/New Academic Program or Substantive Change to Existing Program/AllItems.aspx.url
AllItems.aspx.url,3/22/2024 9:47,Zeina Katergi,Item,sites/fas/deansoffice/Administration/Policies -PDF/Student Services link/Process of Evaluating Teaching Portfolios Center for Teaching and Learning,https://mailaub.sharepoint.com/sites/fas/deansoffice/Administration/Policies -PDF/Student Services link/Process of Evaluating Teaching Portfolios Center for Teaching and Learning/AllItems.aspx.url
Allowances for Academic Personnel.pdf,3/20/2024 13:40,Zeina Katergi,Item,sites/fas/deansoffice/Administration/Policies -PDF/Faculty Affairs/Allowance for Academic Personnel,https://mailaub.sharepoint.com/sites/fas/deansoffice/Administration/Policies -PDF/Faculty Affairs/Allowance for Academic Personnel/Allowances for Academic Personnel.pdf
aub.policytech.eu.url,3/20/2024 13:40,Zeina Katergi,Item,sites/fas/deansoffice/Administration/Policies -PDF/Faculty Affairs/Policy and Procedures for Tenure and Promotion Appeals,https://mailaub.sharepoint.com/sites/fas/deansoffice/Administration/Policies -PDF/Faculty Affairs/Policy and Procedures for Tenure and Promotion Appeals/aub.policytech.eu.url
aub.policytech.eu.url,3/20/2024 13:40,Zeina Katergi,Item,sites/fas/deansoffice/Administration/Policies -PDF/Faculty Affairs/Global engagement  Secondment For Faculty member,https://mailaub.sharepoint.com/sites/fas/deansoffice/Administration/Policies -PDF/Faculty Affairs/Global engagement  Secondment For Faculty member/aub.policytech.eu.url
aub.policytech.eu.url,3/20/2024 13:40,Zeina Katergi,Item,sites/fas/deansoffice/Administration/Policies -PDF/Faculty Affairs/Bylaws of the faculties,https://mailaub.sharepoint.com/sites/fas/deansoffice/Administration/Policies -PDF/Faculty Affairs/Bylaws of the faculties/aub.policytech.eu.url
aub.policytech.eu.url,3/22/2024 9:47,Zeina Katergi,Item,sites/fas/deansoffice/Administration/Policies -PDF/Student Services link/Policy on Graduate Diploma Programs,https://mailaub.sharepoint.com/sites/fas/deansoffice/Administration/Policies -PDF/Student Services link/Policy on Graduate Diploma Programs/aub.policytech.eu.url
,,,,,
Clinical Track - Dietrich submission.pdf,3/20/2024 13:40,Zeina Katergi,Item,sites/fas/deansoffice/Administration/Policies -PDF/Faculty Affairs/Policy and Procedures for Promotion Evaluation of Clinical Psychology Track Eligible,https://mailaub.sharepoint.com/sites/fas/deansoffice/Administration/Policies -PDF/Faculty Affairs/Policy and Procedures for Promotion Evaluation of Clinical Psychology Track Eligible/Clinical Track - Dietrich submission.pdf
Conflict of Commitment and outside Activities of Faculty Members.pdf,3/20/2024 13:40,Zeina Katergi,Item,sites/fas/deansoffice/Administration/Policies -PDF/Faculty Affairs/Conflict of Commitment   and outside Activities of Faculty Members,https://mailaub.sharepoint.com/sites/fas/deansoffice/Administration/Policies -PDF/Faculty Affairs/Conflict of Commitment   and outside Activities of Faculty Members/Conflict of Commitment and outside Activities of Faculty Members.pdf
Conflict of Interest and Disclosure Policy for AUB Employees.pdf,3/20/2024 15:52,Zeina Katergi,Item,sites/fas/deansoffice/Administration/Policies -PDF/General/Conflict of Interest and Disclosure Policy for AUB Employees,https://mailaub.sharepoint.com/sites/fas/deansoffice/Administration/Policies -PDF/General/Conflict of Interest and Disclosure Policy for AUB Employees/Conflict of Interest and Disclosure Policy for AUB Employees.pdf
Course Buyout Guidelines.pdf,3/20/2024 13:40,Zeina Katergi,Item,sites/fas/deansoffice/Administration/Policies -PDF/Faculty Affairs/Global engagement  Secondment For Faculty member/Course Buyout Guidelines,https://mailaub.sharepoint.com/sites/fas/deansoffice/Administration/Policies -PDF/Faculty Affairs/Global engagement  Secondment For Faculty member/Course Buyout Guidelines/Course Buyout Guidelines.pdf
"Department Chairs Recruitment, Compensation, and Evaluation.pdf",3/20/2024 13:40,Zeina Katergi,Item,sites/fas/deansoffice/Administration/Policies -PDF/Faculty Affairs/Department Chairs Recruitment Compensation and Evaluation,"https://mailaub.sharepoint.com/sites/fas/deansoffice/Administration/Policies -PDF/Faculty Affairs/Department Chairs Recruitment Compensation and Evaluation/Department Chairs Recruitment, Compensation, and Evaluation.pdf"
Employee Loan Policy.pdf,3/20/2024 15:52,Zeina Katergi,Item,sites/fas/deansoffice/Administration/Policies -PDF/General/Employee Loan Policy,https://mailaub.sharepoint.com/sites/fas/deansoffice/Administration/Policies -PDF/General/Employee Loan Policy/Employee Loan Policy.pdf
Expectations and Guidelines for Faculty Conduct.pdf,3/20/2024 13:40,Zeina Katergi,Item,sites/fas/deansoffice/Administration/Policies -PDF/Faculty Affairs/Expectations and Guidelines for Faculty Conduct,https://mailaub.sharepoint.com/sites/fas/deansoffice/Administration/Policies -PDF/Faculty Affairs/Expectations and Guidelines for Faculty Conduct/Expectations and Guidelines for Faculty Conduct.pdf
Faculty Research Incentive Plan (FRIP)5.pdf,3/22/2024 9:48,Zeina Katergi,Item,sites/fas/deansoffice/Administration/Policies -PDF/Research/Faculty Research Incentive Plan (FRIP),https://mailaub.sharepoint.com/sites/fas/deansoffice/Administration/Policies -PDF/Research/Faculty Research Incentive Plan (FRIP)/Faculty Research Incentive Plan (FRIP)5.pdf
Faculty Workload Policy.pdf,3/20/2024 13:40,Zeina Katergi,Item,sites/fas/deansoffice/Administration/Policies -PDF/Faculty Affairs/Faculty Workload Policy,https://mailaub.sharepoint.com/sites/fas/deansoffice/Administration/Policies -PDF/Faculty Affairs/Faculty Workload Policy/Faculty Workload Policy.pdf
Faculty-Reappointment-Schedule-AY-2023-24.pdf,3/20/2024 13:40,Zeina Katergi,Item,sites/fas/deansoffice/Administration/Policies -PDF/Faculty Affairs/Schedule for Reappointment Applications -AY 2023-2024,https://mailaub.sharepoint.com/sites/fas/deansoffice/Administration/Policies -PDF/Faculty Affairs/Schedule for Reappointment Applications -AY 2023-2024/Faculty-Reappointment-Schedule-AY-2023-24.pdf
FAS_TeachingLoad_Calculation.docx,3/22/2024 9:47,Zeina Katergi,Item,sites/fas/deansoffice/Administration/Policies -PDF/Student Services link/FAS Teaching Load and Course Release Policies,https://mailaub.sharepoint.com/sites/fas/deansoffice/Administration/Policies -PDF/Student Services link/FAS Teaching Load and Course Release Policies/FAS_TeachingLoad_Calculation.docx
"FAS-Promotion Evaluation Policies- lecturers to senior lecturers - revised September 4, 2023.pdf",3/20/2024 13:40,Zeina Katergi,Item,sites/fas/deansoffice/Administration/Policies -PDF/Faculty Affairs/Policy and Procedures for the Promotion of Lecturers to Senior Lecturers,"https://mailaub.sharepoint.com/sites/fas/deansoffice/Administration/Policies -PDF/Faculty Affairs/Policy and Procedures for the Promotion of Lecturers to Senior Lecturers/FAS-Promotion Evaluation Policies- lecturers to senior lecturers - revised September 4, 2023.pdf"
Grants and Contracts Policy.pdf,3/22/2024 9:48,Zeina Katergi,Item,sites/fas/deansoffice/Administration/Policies -PDF/Research/Grants and Contracts Policy,https://mailaub.sharepoint.com/sites/fas/deansoffice/Administration/Policies -PDF/Research/Grants and Contracts Policy/Grants and Contracts Policy.pdf
Grievance Policy and Procedures.pdf,3/20/2024 15:52,Zeina Katergi,Item,sites/fas/deansoffice/Administration/Policies -PDF/General/Grievance Policy and Procedures,https://mailaub.sharepoint.com/sites/fas/deansoffice/Administration/Policies -PDF/General/Grievance Policy and Procedures/Grievance Policy and Procedures.pdf
Guidelines for Searches and New Appointments.PDF,3/20/2024 13:40,Zeina Katergi,Item,sites/fas/deansoffice/Administration/Policies -PDF/Faculty Affairs/Guidelines for Searches and New Appointments,https://mailaub.sharepoint.com/sites/fas/deansoffice/Administration/Policies -PDF/Faculty Affairs/Guidelines for Searches and New Appointments/Guidelines for Searches and New Appointments.PDF
Health Insurance Plan (HIP) -Academic.pdf,3/20/2024 15:52,Zeina Katergi,Item,sites/fas/deansoffice/Administration/Policies -PDF/General/Health Insurance Plan (HIP) -Academic,https://mailaub.sharepoint.com/sites/fas/deansoffice/Administration/Policies -PDF/General/Health Insurance Plan (HIP) -Academic/Health Insurance Plan (HIP) -Academic.pdf
Housing Policy.pdf,3/20/2024 15:52,Zeina Katergi,Item,sites/fas/deansoffice/Administration/Policies -PDF/General/Housing Policy,https://mailaub.sharepoint.com/sites/fas/deansoffice/Administration/Policies -PDF/General/Housing Policy/Housing Policy.pdf
Leaves for Academic Personnel.PDF,3/20/2024 13:40,Zeina Katergi,Item,sites/fas/deansoffice/Administration/Policies -PDF/Faculty Affairs/Leaves for Academic Personnel,https://mailaub.sharepoint.com/sites/fas/deansoffice/Administration/Policies -PDF/Faculty Affairs/Leaves for Academic Personnel/Leaves for Academic Personnel.PDF
Maximum Allowed Compensation for Overload Teaching and Funded Projects.PDF,3/20/2024 13:40,Zeina Katergi,Item,sites/fas/deansoffice/Administration/Policies -PDF/Faculty Affairs/Maximum Allowed Compensation for Overload Teaching and Funded Projects,https://mailaub.sharepoint.com/sites/fas/deansoffice/Administration/Policies -PDF/Faculty Affairs/Maximum Allowed Compensation for Overload Teaching and Funded Projects/Maximum Allowed Compensation for Overload Teaching and Funded Projects.PDF
Non-Academic Staff Manual.pdf,3/20/2024 15:52,Zeina Katergi,Item,sites/fas/deansoffice/Administration/Policies -PDF/General/Non-Academic Staff Manual,https://mailaub.sharepoint.com/sites/fas/deansoffice/Administration/Policies -PDF/General/Non-Academic Staff Manual/Non-Academic Staff Manual.pdf
Non-Discrimination and AntiDiscriminatory Harassment Policy.pdf,3/20/2024 15:52,Zeina Katergi,Item,sites/fas/deansoffice/Administration/Policies -PDF/General/Non-Discrimination and AntiDiscriminatory Harassment Policy,https://mailaub.sharepoint.com/sites/fas/deansoffice/Administration/Policies -PDF/General/Non-Discrimination and AntiDiscriminatory Harassment Policy/Non-Discrimination and AntiDiscriminatory Harassment Policy.pdf
Office of Grants and Contracts Manual.pdf,3/22/2024 9:49,Zeina Katergi,Item,sites/fas/deansoffice/Administration/Policies -PDF/Research/Office of Grants and Contracts Manual,https://mailaub.sharepoint.com/sites/fas/deansoffice/Administration/Policies -PDF/Research/Office of Grants and Contracts Manual/Office of Grants and Contracts Manual.pdf
Policies on Benefits and Allowances for Academic Personnel.PDF,3/20/2024 13:40,Zeina Katergi,Item,sites/fas/deansoffice/Administration/Policies -PDF/Faculty Affairs/Policies on Benefits and Allowances for Academic Personnel,https://mailaub.sharepoint.com/sites/fas/deansoffice/Administration/Policies -PDF/Faculty Affairs/Policies on Benefits and Allowances for Academic Personnel/Policies on Benefits and Allowances for Academic Personnel.PDF
Policy and Procedure for Tenure and Promotion Evaluation of NON -Tenure -Eligible Faculty members.PDF,3/20/2024 13:40,Zeina Katergi,Item,sites/fas/deansoffice/Administration/Policies -PDF/Faculty Affairs/Policy and Procedure for Tenure and Promotion Evaluation of Non- Tenure -Eligible Faculty members,https://mailaub.sharepoint.com/sites/fas/deansoffice/Administration/Policies -PDF/Faculty Affairs/Policy and Procedure for Tenure and Promotion Evaluation of Non- Tenure -Eligible Faculty members/Policy and Procedure for Tenure and Promotion Evaluation of NON -Tenure -Eligible Faculty members.PDF
Policy and Procedure for Tenure and Promotion Evaluation of Tenure -Eligible Faculty members.PDF,3/20/2024 13:40,Zeina Katergi,Item,sites/fas/deansoffice/Administration/Policies -PDF/Faculty Affairs/Policy and Procedure for Tenure and Promotion Evaluation of Tenure -Eligible Faculty members 0,https://mailaub.sharepoint.com/sites/fas/deansoffice/Administration/Policies -PDF/Faculty Affairs/Policy and Procedure for Tenure and Promotion Evaluation of Tenure -Eligible Faculty members 0/Policy and Procedure for Tenure and Promotion Evaluation of Tenure -Eligible Faculty members.PDF
Policy and Procedures for Post Tenure Reviews.PDF,3/20/2024 13:40,Zeina Katergi,Item,sites/fas/deansoffice/Administration/Policies -PDF/Faculty Affairs/Policy and Procedures for Post Tenure Reviews,https://mailaub.sharepoint.com/sites/fas/deansoffice/Administration/Policies -PDF/Faculty Affairs/Policy and Procedures for Post Tenure Reviews/Policy and Procedures for Post Tenure Reviews.PDF
Policy and Procedures for Promotion Evaluation of Non-Tenure-Eligible Faculty Members.PDF,3/20/2024 13:40,Zeina Katergi,Item,sites/fas/deansoffice/Administration/Policies -PDF/Faculty Affairs/Policy and Procedures for Promotion Evaluation of Non-Tenure-Eligible Faculty Members,https://mailaub.sharepoint.com/sites/fas/deansoffice/Administration/Policies -PDF/Faculty Affairs/Policy and Procedures for Promotion Evaluation of Non-Tenure-Eligible Faculty Members/Policy and Procedures for Promotion Evaluation of Non-Tenure-Eligible Faculty Members.PDF
Policy and Procedures for Tenure and Promotion Appeals.PDF,3/20/2024 13:40,Zeina Katergi,Item,sites/fas/deansoffice/Administration/Policies -PDF/Faculty Affairs/Policy and Procedures for Tenure and Promotion Appeals,https://mailaub.sharepoint.com/sites/fas/deansoffice/Administration/Policies -PDF/Faculty Affairs/Policy and Procedures for Tenure and Promotion Appeals/Policy and Procedures for Tenure and Promotion Appeals.PDF
Policy and Procedures for the Award of Emeritus Status.PDF,3/20/2024 13:40,Zeina Katergi,Item,sites/fas/deansoffice/Administration/Policies -PDF/Faculty Affairs/Policy and Procedures for the Award of Emeritus Status,https://mailaub.sharepoint.com/sites/fas/deansoffice/Administration/Policies -PDF/Faculty Affairs/Policy and Procedures for the Award of Emeritus Status/Policy and Procedures for the Award of Emeritus Status.PDF
Policy and Procedures for the Termination of a Tenure Appointment.PDF,3/20/2024 13:40,Zeina Katergi,Item,sites/fas/deansoffice/Administration/Policies -PDF/Faculty Affairs/Policy and Procedures for the Termination of a Tenure Appointment,https://mailaub.sharepoint.com/sites/fas/deansoffice/Administration/Policies -PDF/Faculty Affairs/Policy and Procedures for the Termination of a Tenure Appointment/Policy and Procedures for the Termination of a Tenure Appointment.PDF
Policy on Graduate Fellowship and Assistantship Program (GFAP).pdf,3/20/2024 15:52,Zeina Katergi,Item,sites/fas/deansoffice/Administration/Policies -PDF/General/Policy on Graduate Fellowship and Assistantship Program (GFAP),https://mailaub.sharepoint.com/sites/fas/deansoffice/Administration/Policies -PDF/General/Policy on Graduate Fellowship and Assistantship Program (GFAP)/Policy on Graduate Fellowship and Assistantship Program (GFAP).pdf
Promotion Procedures and Guidelines.PDF,3/20/2024 13:40,Zeina Katergi,Item,,https://aub.policytech.eu/dotNet/documents/?docid=163&public=true
Promotion-Non-Tenure-Track_Schedule-AY2022-23.pdf,3/20/2024 13:40,Zeina Katergi,Item,"sites/fas/deansoffice/Administration/Policies -PDF/Faculty Affairs/Schedule for Promotion Applications of Non-Tenure-Eligible Faculty Members in the Clinical, Research and Practice Tracks Ð AY 2022-23","https://mailaub.sharepoint.com/sites/fas/deansoffice/Administration/Policies -PDF/Faculty Affairs/Schedule for Promotion Applications of Non-Tenure-Eligible Faculty Members in the Clinical, Research and Practice Tracks %E2%80%93 AY 2022-23/Promotion-Non-Tenure-Track_Schedule-AY2022-23.pdf"
Promotion-Tenure-CV-Template-AY2022-23.pdf,3/20/2024 13:40,Zeina Katergi,Item,sites/fas/deansoffice/Administration/Policies -PDF/Faculty Affairs/Standard CV template for Tenure and or Promotion applications,https://mailaub.sharepoint.com/sites/fas/deansoffice/Administration/Policies -PDF/Faculty Affairs/Standard CV template for Tenure and or Promotion applications/Promotion-Tenure-CV-Template-AY2022-23.pdf
Promotion-with-Tenure_Schedule-AY2022-23.pdf,3/20/2024 13:40,Zeina Katergi,Item,sites/fas/deansoffice/Administration/Policies -PDF/Faculty Affairs/Schedule for  Promotion with Tenure Applications Ð AY 2022-23,https://mailaub.sharepoint.com/sites/fas/deansoffice/Administration/Policies -PDF/Faculty Affairs/Schedule for  Promotion with Tenure Applications %E2%80%93 AY 2022-23/Promotion-with-Tenure_Schedule-AY2022-23.pdf
"Protection of Beneficiaries of United Nations Projects from Sexual Harassment, Sexual Exploitation, and Sexual Abuse.pdf",3/20/2024 15:52,Zeina Katergi,Item,"sites/fas/deansoffice/Administration/Policies -PDF/General/Protection of Beneficiaries of United Nations Projects from Sexual Harassment, Sexual Exploitation, and Sexual Abuse","https://mailaub.sharepoint.com/sites/fas/deansoffice/Administration/Policies -PDF/General/Protection of Beneficiaries of United Nations Projects from Sexual Harassment, Sexual Exploitation, and Sexual Abuse/Protection of Beneficiaries of United Nations Projects from Sexual Harassment, Sexual Exploitation, and Sexual Abuse.pdf"
Research Assisstants.pdf,3/20/2024 15:52,Zeina Katergi,Item,sites/fas/deansoffice/Administration/Policies -PDF/General/Research Assisstants,https://mailaub.sharepoint.com/sites/fas/deansoffice/Administration/Policies -PDF/General/Research Assisstants/Research Assisstants.pdf
Responsibilities of Students and Faculty Members in Relation to Academic Integrity.pdf,3/20/2024 15:52,Zeina Katergi,Item,sites/fas/deansoffice/Administration/Policies -PDF/General/Responsibilities of Students and Faculty Members in Relation to Academic Integrity,https://mailaub.sharepoint.com/sites/fas/deansoffice/Administration/Policies -PDF/General/Responsibilities of Students and Faculty Members in Relation to Academic Integrity/Responsibilities of Students and Faculty Members in Relation to Academic Integrity.pdf
Schedule for PTR Applications - AY2023-24.pdf,3/20/2024 13:40,Zeina Katergi,Item,sites/fas/deansoffice/Administration/Policies -PDF/Faculty Affairs/Schedule for Post Tenure Review applications,https://mailaub.sharepoint.com/sites/fas/deansoffice/Administration/Policies -PDF/Faculty Affairs/Schedule for Post Tenure Review applications/Schedule for PTR Applications - AY2023-24.pdf
Senate bylaws.pdf,3/20/2024 15:52,Zeina Katergi,Item,sites/fas/deansoffice/Administration/Policies -PDF/General/Senate Bylaws,https://mailaub.sharepoint.com/sites/fas/deansoffice/Administration/Policies -PDF/General/Senate Bylaws/Senate bylaws.pdf
Short Term and Long Term Faculty Development Grants Policy.pdf,3/20/2024 15:52,Zeina Katergi,Item,sites/fas/deansoffice/Administration/Policies -PDF/General/Short Term and Long Term Faculty Development Grants Policy,https://mailaub.sharepoint.com/sites/fas/deansoffice/Administration/Policies -PDF/General/Short Term and Long Term Faculty Development Grants Policy/Short Term and Long Term Faculty Development Grants Policy.pdf
Tenure-Only_Schedule-AY2022-23.pdf,3/20/2024 13:40,Zeina Katergi,Item,sites/fas/deansoffice/Administration/Policies -PDF/Faculty Affairs/Schedule for Tenure-Only  Applications Ð AY 2022-23,https://mailaub.sharepoint.com/sites/fas/deansoffice/Administration/Policies -PDF/Faculty Affairs/Schedule for Tenure-Only  Applications %E2%80%93 AY 2022-23/Tenure-Only_Schedule-AY2022-23.pdf
Travel.pdf,3/20/2024 15:52,Zeina Katergi,Item,sites/fas/deansoffice/Administration/Policies -PDF/General/Travel,https://mailaub.sharepoint.com/sites/fas/deansoffice/Administration/Policies -PDF/General/Travel/Travel.pdf
University Policies and Procedures Concerning Research Misconduct.pdf,3/22/2024 9:50,Zeina Katergi,Item,sites/fas/deansoffice/Administration/Policies -PDF/Research/University Policies and Procedures Concerning Research Misconduct,https://mailaub.sharepoint.com/sites/fas/deansoffice/Administration/Policies -PDF/Research/University Policies and Procedures Concerning Research Misconduct/University Policies and Procedures Concerning Research Misconduct.pdf
,,,,,
www.aub.edu.lb.url,3/22/2024 9:25,Zeina Katergi,Item,sites/fas/deansoffice/Administration/Policies -PDF/General/Academic Calender,https://mailaub.sharepoint.com/sites/fas/deansoffice/Administration/Policies -PDF/General/Academic Calender/www.aub.edu.lb.url
www.aub.edu.lb.url,3/22/2024 9:47,Zeina Katergi,Item,sites/fas/deansoffice/Administration/Policies -PDF/Student Services link/Admissions Office -Graduate Studies,https://mailaub.sharepoint.com/sites/fas/deansoffice/Administration/Policies -PDF/Student Services link/Admissions Office -Graduate Studies/www.aub.edu.lb.url
www.aub.edu.lb.url,3/22/2024 9:47,Zeina Katergi,Item,sites/fas/deansoffice/Administration/Policies -PDF/Student Services link/Admissions Office-Undergraduate Studies,https://mailaub.sharepoint.com/sites/fas/deansoffice/Administration/Policies -PDF/Student Services link/Admissions Office-Undergraduate Studies/www.aub.edu.lb.url
www.aub.edu.lb.url,3/22/2024 9:47,Zeina Katergi,Item,sites/fas/deansoffice/Administration/Policies -PDF/Student Services link/Certificate and Class Chart-Undergraduate Studies,https://mailaub.sharepoint.com/sites/fas/deansoffice/Administration/Policies -PDF/Student Services link/Certificate and Class Chart-Undergraduate Studies/www.aub.edu.lb.url
www.aub.edu.lb.url,3/22/2024 9:47,Zeina Katergi,Item,sites/fas/deansoffice/Administration/Policies -PDF/Student Services link/Faculty of Arts and Sciences-Graduate Studies,https://mailaub.sharepoint.com/sites/fas/deansoffice/Administration/Policies -PDF/Student Services link/Faculty of Arts and Sciences-Graduate Studies/www.aub.edu.lb.url
www.aub.edu.lb.url,3/22/2024 9:47,Zeina Katergi,Item,sites/fas/deansoffice/Administration/Policies -PDF/Student Services link/Faculty of Arts and Sciences-Undergraduate Studies,https://mailaub.sharepoint.com/sites/fas/deansoffice/Administration/Policies -PDF/Student Services link/Faculty of Arts and Sciences-Undergraduate Studies/www.aub.edu.lb.url
www.aub.edu.lb.url,3/22/2024 9:47,Zeina Katergi,Item,sites/fas/deansoffice/Administration/Policies -PDF/Student Services link/Fees and Expenses and Withdrawal Information-Graduate Studies,https://mailaub.sharepoint.com/sites/fas/deansoffice/Administration/Policies -PDF/Student Services link/Fees and Expenses and Withdrawal Information-Graduate Studies/www.aub.edu.lb.url
www.aub.edu.lb.url,3/22/2024 9:47,Zeina Katergi,Item,sites/fas/deansoffice/Administration/Policies -PDF/Student Services link/Fees and Expenses and Withdrawal Information-Undergraduate Studies,https://mailaub.sharepoint.com/sites/fas/deansoffice/Administration/Policies -PDF/Student Services link/Fees and Expenses and Withdrawal Information-Undergraduate Studies/www.aub.edu.lb.url
www.aub.edu.lb.url,3/22/2024 9:47,Zeina Katergi,Item,sites/fas/deansoffice/Administration/Policies -PDF/Student Services link/Financial AID-Graduate Studies,https://mailaub.sharepoint.com/sites/fas/deansoffice/Administration/Policies -PDF/Student Services link/Financial AID-Graduate Studies/www.aub.edu.lb.url
www.aub.edu.lb.url,3/22/2024 9:47,Zeina Katergi,Item,sites/fas/deansoffice/Administration/Policies -PDF/Student Services link/Financial Aid-Undergraduate Studies,https://mailaub.sharepoint.com/sites/fas/deansoffice/Administration/Policies -PDF/Student Services link/Financial Aid-Undergraduate Studies/www.aub.edu.lb.url
www.aub.edu.lb.url,3/22/2024 9:47,Zeina Katergi,Item,sites/fas/deansoffice/Administration/Policies -PDF/Student Services link/General University Academic Information-Graduate Studies,https://mailaub.sharepoint.com/sites/fas/deansoffice/Administration/Policies -PDF/Student Services link/General University Academic Information-Graduate Studies/www.aub.edu.lb.url
www.aub.edu.lb.url,3/22/2024 9:47,Zeina Katergi,Item,sites/fas/deansoffice/Administration/Policies -PDF/Student Services link/General University Academic Information-Undergraduate Studies,https://mailaub.sharepoint.com/sites/fas/deansoffice/Administration/Policies -PDF/Student Services link/General University Academic Information-Undergraduate Studies/www.aub.edu.lb.url
www.aub.edu.lb.url,3/22/2024 9:47,Zeina Katergi,Item,sites/fas/deansoffice/Administration/Policies -PDF/Student Services link/Office of International Programs (OIP)-Graduate Studies,https://mailaub.sharepoint.com/sites/fas/deansoffice/Administration/Policies -PDF/Student Services link/Office of International Programs (OIP)-Graduate Studies/www.aub.edu.lb.url
www.aub.edu.lb.url,3/22/2024 9:47,Zeina Katergi,Item,sites/fas/deansoffice/Administration/Policies -PDF/Student Services link/Office of International Programs (OIP)-Undergraduate Studies,https://mailaub.sharepoint.com/sites/fas/deansoffice/Administration/Policies -PDF/Student Services link/Office of International Programs (OIP)-Undergraduate Studies/www.aub.edu.lb.url
www.aub.edu.lb.url,3/22/2024 9:47,Zeina Katergi,Item,sites/fas/deansoffice/Administration/Policies -PDF/Student Services link/Office of Student Affairs-Graduate Studies,https://mailaub.sharepoint.com/sites/fas/deansoffice/Administration/Policies -PDF/Student Services link/Office of Student Affairs-Graduate Studies/www.aub.edu.lb.url
www.aub.edu.lb.url,3/22/2024 9:47,Zeina Katergi,Item,sites/fas/deansoffice/Administration/Policies -PDF/Student Services link/Office of Student Affairs-Undergraduate Studies,https://mailaub.sharepoint.com/sites/fas/deansoffice/Administration/Policies -PDF/Student Services link/Office of Student Affairs-Undergraduate Studies/www.aub.edu.lb.url
www.aub.edu.lb.url,3/22/2024 9:47,Zeina Katergi,Item,sites/fas/deansoffice/Administration/Policies -PDF/Student Services link/Tuition Fees -Graduate studies,https://mailaub.sharepoint.com/sites/fas/deansoffice/Administration/Policies -PDF/Student Services link/Tuition Fees -Graduate studies/www.aub.edu.lb.url
www.aub.edu.lb.url,3/22/2024 9:47,Zeina Katergi,Item,sites/fas/deansoffice/Administration/Policies -PDF/Student Services link/Tuition Fees-Undergraduate Studies,https://mailaub.sharepoint.com/sites/fas/deansoffice/Administration/Policies -PDF/Student Services link/Tuition Fees-Undergraduate Studies/www.aub.edu.lb.url
Tenure-Termination-Membership2023-24.pdf,,,,,https://www.aub.edu.lb/provost/Documents/Tenure-Termination-Membership2023-24.pdf
Tenure-and-Promotion-Appeals-Committee Memebrship-AY-2022-23-Cycle (002).pdf,,,,,https://www.aub.edu.lb/provost/Documents/Tenure-and-Promotion-Appeals-Committee%20Memebrship-AY-2022-23-Cycle%20(002).pdf
UPTC-Membership-2023-24.pdf,,,,,https://www.aub.edu.lb/provost/Documents/UPTC-Membership-2023-24.pdf
TPAC-Schedule-AY2022-23-(Cycle).pdf,,,,,https://www.aub.edu.lb/provost/Documents/TPAC-Schedule-AY2022-23-(Cycle).pdf
Chairpersons-Appointment-Schedule-AY2023-24.pdf,,,,,https://www.aub.edu.lb/provost/Documents/Chairpersons-Appointment-Schedule-AY2023-24.pdf
Faculty-Reappointment-Schedule-AY-2023-24.pdf,,,,,https://www.aub.edu.lb/provost/Documents/Faculty-Reappointment-Schedule-AY-2023-24.pdf
Faculty Annual Performance Evaluation Schedule-AY2023-24.pdf,,,,,https://www.aub.edu.lb/provost/Documents/Faculty%20Annual%20Performance%20Evaluation%20Schedule-AY2023-24.pdf
Post Tenure Review_Schedule-AY2024-25.docx,,,,,https://www.aub.edu.lb/provost/Documents/Post%20Tenure%20Review_Schedule-AY2024-25.docx
Tenure-Only_Schedule-AY2023-24.docx,,,,,https://www.aub.edu.lb/provost/Documents/Tenure-Only_Schedule-AY2023-24.docx
Promotion-with-Tenure_Schedule-AY2023-24.docx,,,,,https://www.aub.edu.lb/provost/Documents/Promotion-with-Tenure_Schedule-AY2023-24.docx
Promotion-Non-Tenure-Track_Schedule-AY2023-24.docx,,,,,https://www.aub.edu.lb/provost/Documents/Promotion-Non-Tenure-Track_Schedule-AY2023-24.docx
Promotion-Tenure-CV-Template-AY2022-23.docx,,,,,https://www.aub.edu.lb/provost/Documents/Promotion-Tenure-CV-Template-AY2022-23.docx
Process for Evaluating Teaching Portfolio.pdf,,,,,https://www.aub.edu.lb/provost/Documents/Process%20for%20Evaluating%20Teaching%20Portfolio.pdf
New-or-Replacement-Faculty-Recruitment-Plan.pdf,,,,,http://www.aub.edu.lb/provost/Documents/New-or-Replacement-Faculty-Recruitment-Plan.pdf
External-Referee-Letter-Template-Assistant-Professor-to-Tenured-Associate-Professor-AY2022-23.pdf,,,,,https://www.aub.edu.lb/provost/Documents/External-Referee-Letter-Template-Assistant-Professor-to-Tenured-Associate-Professor-AY2022-23.pdf
External Referee Letter Template-Tenured Associate Professor to Tenured Professor-AY2022-23.pdf,,,,,https://www.aub.edu.lb/provost/Documents/External%20Referee%20Letter%20Template-Tenured%20Associate%20Professor%20to%20Tenured%20Professor-AY2022-23.pdf
External Referee Letter Template-Professor to Tenured Professor-AY2022-23.pdf,,,,,https://www.aub.edu.lb/provost/Documents/External%20Referee%20Letter%20Template-Professor%20to%20Tenured%20Professor-AY2022-23.pdf
External Referee Letter Template-Associate Professor to Tenured Professor-AY2022-23.pdf,,,,,https://www.aub.edu.lb/provost/Documents/External%20Referee%20Letter%20Template-Associate%20Professor%20to%20Tenured%20Professor-AY2022-23.pdf
External Referee Letter Template-Associate Professor to Tenured Associate Professor-AY2022-23.pdf,,,,,https://www.aub.edu.lb/provost/Documents/External%20Referee%20Letter%20Template-Associate%20Professor%20to%20Tenured%20Associate%20Professor-AY2022-23.pdf
Policy and Procedures for Tenure and Promotion Evaluation of Tenure-Eligible Faculty Members.pdf,,,,,https://aub.policytech.eu/dotNet/documents/?docid=1566&public=true
Guidelines-Academic-Mentoring.pdf,,,,,https://www.aub.edu.lb/provost/Documents/Guidelines-Academic-Mentoring.pdf
Junior-Faculty-Research-Leaves.pdf,,,,,https://www.aub.edu.lb/provost/Documents/Junior-Faculty-Research-Leaves.pdf
New-Program-or-Major-Revision-to-Existing-Program.pdf,,,,,https://www.aub.edu.lb/provost/Documents/New-Program-or-Major-Revision-to-Existing-Program.pdf
Manual-for-Department-Chairs.pdf,,,,,https://www.aub.edu.lb/provost/Documents/Manual-for-Department-Chairs.pdf
Proposal Transmittal and Approval Form For External Grant Proposals excluding CNRS.pdf,,,,,https://www.aub.edu.lb/ogc/Documents/OGC%20transmittal%20form%20for%20external%20grant%20proposals%20-%20Feb%202023%20-%20updated%20Final.pdf
Proposal Transmittal and Approval Form For CNRS Proposals (i?ncluding instructions).pdf,,,,,https://www.aub.edu.lb/ogc/Documents/CNRS%20-%20Fillable.pdf
Proposal Transmittal and Approval Form For Internal Funding - Other than URB.pdf,,,,,https://www.aub.edu.lb/ogc/Documents/non-URBinternalfunding_form.pdf
FMBC Application.pdf,,,,,https://www.aub.edu.lb/ogc/Documents/FMBC%20Application.pdf
Academic Application Form.pdf,,,,,https://www.aub.edu.lb/hr/Documents/Recruitment/CV_for_Academics.pdf
Recommendation for Appointment (Full Time Academic).pdf,,,,,https://www.aub.edu.lb/hr/Documents/Recruitment/Recommendation_for_Appointment.pdf
Recommendation for Appointment (Part Time Academic).pdf,,,,,https://www.aub.edu.lb/hr/Documents/Recruitment/Recommendation_for_Appointment_ACPT.pdf
Recommendation for Appointment (Non-Academic).pdf,,,,,https://www.aub.edu.lb/hr/Documents/Recruitment/Recommendation_for_Appointment_NA.pdf
Non-Academic Application Form English.pdf,,,,,https://www.aub.edu.lb/hr/Documents/Recruitment/Employment_App_for_NA_-_english.pdf
Non-Academic Application Form Arabic.pdf,,,,,https://www.aub.edu.lb/hr/Documents/Recruitment/Employment_App_for_NA_-_ara.pdf
New_Faculty_Checklist.pdf,,,,,https://www.aub.edu.lb/hr/Documents/Checklist/New_Faculty_Checklist.pdf
Green_Card_Declaration.pdf,,,,,https://www.aub.edu.lb/hr/Documents/Checklist/Green_Card_Declaration.pdf
Statement_Compliance.pdf,,,,,https://www.aub.edu.lb/hr/Documents/Checklist/Statement_Compliance.pdf
Leb_Ministry_Finance.pdf,,,,,https://www.aub.edu.lb/hr/Documents/Checklist/Leb_Ministry_Finance.pdf
Emergency_Contact.pdf,,,,,https://www.aub.edu.lb/hr/Documents/Checklist/Emergency_Contact.pdf
Degree_Verification.pdf,,,,,https://www.aub.edu.lb/hr/Documents/Checklist/Degree_Verification.pdf
HIP_Excerpts.pdf,,,,,https://www.aub.edu.lb/hr/Documents/Checklist/HIP_Excerpts.pdf
New_Staff_Checklist.pdf,,,,,https://www.aub.edu.lb/hr/Documents/Checklist/New_Staff_Checklist.pdf
New_Staff_Checklist_arabic.pdf,,,,,https://www.aub.edu.lb/hr/Documents/Checklist/New_Staff_Checklist_arabic.pdf
Supervisor_Checklist_for_employee_orientation.pdf,,,,,https://www.aub.edu.lb/hr/Documents/Checklist/Supervisor_Checklist_for_employee_orientation.pdf
hip_enrollement_request.pdf,,,,,https://www.aub.edu.lb/hr/Documents/Benefits/hip_enrollement_request.pdf
hip_enrollement_request_arabic.pdf,,,,,https://www.aub.edu.lb/hr/Documents/Benefits/hip_enrollement_request_arabic.pdf
hip_status_change.pdf,,,,,https://www.aub.edu.lb/hr/Documents/Benefits/hip_status_change.pdf
hip_status_change_-_arabic.pdf,,,,,https://www.aub.edu.lb/hr/Documents/Benefits/hip_status_change_-_arabic.pdf
hip_waiver.pdf,,,,,https://www.aub.edu.lb/hr/Documents/Benefits/hip_waiver.pdf
Application_Without_Medical_Questions.pdf,,,,,https://www.aub.edu.lb/hr/Documents/Benefits/Application_Without_Medical_Questions.pdf
Application_With_Medical_Questions.pdf,,,,,https://www.aub.edu.lb/hr/Documents/Benefits/Application_With_Medical_Questions.pdf
Faculty Directory-Not a policy.pdf,,,,,https://www.aub.edu.lb/fas/Pages/FacultyDirectory.aspx
Student Representative Committee Bylaws.pdf,,,,,https://aub.policytech.eu/dotNet/documents/?docid=99&public=true
University Student Faculty Committee Bylaws.pdf,,,,,https://aub.policytech.eu/dotNet/documents/?docid=100&public=true
Bylaws of the Faculties.pdf,,,,,https://aub.policytech.eu/dotNet/documents/?docid=2915&public=true
